<?xml version="1.0" encoding="UTF-8"?>
<model package="googleanalytics" baseClass="xPDOObject" platform="mysql" defaultEngine="MyISAM" version="1.0">
    <object class="GoogleAnalytics404" table="googleanalytics_404" extends="xPDOSimpleObject">
    	<field key="id" dbtype="int" precision="11" phptype="integer" null="false" index="pk" generated="native"/>
    	<field key="ip" dbtype="varchar" precision="15" phptype="string" null="false" default=""/>
		<field key="url" dbtype="text" phptype="string" null="false" default=""/>
        <field key="referer" dbtype="text" phptype="string" null="false" default=""/>
        <field key="useragent" dbtype="text" phptype="string" null="false" default=""/>
        <field key="added" dbtype="timestamp" phptype="timestamp" default="CURRENT_TIMESTAMP" null="false" default=""/>
        
        <index alias="PRIMARY" name="PRIMARY" primary="true" unique="true">
                <column key="id" collation="A" null="false" />
        </index>
    </object>
</model>